claim_id,source_id,retrieval_date,source_available,metadata_result,exact_claim_result,demonstrated_context_result,evidence_grade_result,transfer_limit_result,independent_result,source_location,independent_evidence_note
SC-001,NEO001-R10,2026-08-24,YES,PASS,PASS,PASS,PASS,PASS,PASS,local pinned artifact,Pinned NEO-001 product-decision bytes replayed independently; 96 ordered product records define the discovery ceilings.
SC-002,NEO002-R20,2026-08-24,YES,PASS,PASS,PASS,PASS,PASS,PASS,local pinned artifact,Pinned NEO-002 report and scope-matrix bytes replayed independently; stage and information-ceiling boundaries remain explicit.
SC-003,DENNEAU-2013,2026-08-24,YES,PASS,PASS,PASS,PASS,PASS,PASS,https://arxiv.org/abs/1302.7281,Primary MOPS abstract supports staged processing and >99.5% orbit production only for a synthetic realistic Pan-STARRS4-class population.
SC-004,GURAL-2005,2026-08-24,YES,PASS,PASS,PASS,PASS,PASS,PASS,https://ui.adsabs.harvard.edu/abs/2005AJ....130.1951G/abstract,Primary bibliographic record and paper scope support matched-filter processing on stellar imagery; no portable threshold is claimed.
SC-005,HEINZE-2015,2026-08-24,YES,PASS,PASS,PASS,PASS,PASS,PASS,https://arxiv.org/abs/1508.01599,"Primary arXiv abstract reports one WIYN field, 156 previously unknown asteroids, and 59 known objects."
SC-006,SMOTHERMAN-2021,2026-08-24,YES,PASS,PASS,PASS,PASS,PASS,PASS,https://arxiv.org/abs/2109.03296,"Primary arXiv abstract reports 75 unlinked and 24 known slow outer-solar-system sources plus GPU, robust, and CNN KBMOD extensions."
SC-007,DUEV-2019,2026-08-24,YES,PASS,PASS,PASS,PASS,PASS,PASS,https://arxiv.org/abs/1904.05920,Primary arXiv abstract reports 96-98% nightly TPR and <1% FPR in the ZTF pipeline context.
SC-008,RABEENDRAN-2024,2026-08-24,YES,PASS,PASS,PASS,PASS,PASS,PASS,https://ora.ox.ac.uk/objects/uuid:4e48d758-d929-44ae-969b-78e800818a69,Oxford primary record documents telescope-unit-specific retraining and an explicit false-positive/missed-detection tradeoff.
SC-009,IRURETA-GOYENA-2025,2026-08-24,YES,PASS,PASS,PASS,PASS,PASS,PASS,https://www.ipac.caltech.edu/publication/2025PASP..137e4503I,IPAC primary record reports ZTF-specific 0.843 completeness and 0.820 precision across three bounded training sets.
SC-010,WANG-2022,2026-08-24,YES,PASS,PASS,PASS,PASS,PASS,PASS,https://arxiv.org/abs/2208.09098,"ArXiv and MNRAS primary records confirm the exact title, four 2019 ZTF nights, and six newly identified NEOs; no threshold or completeness transfer is supported."
SC-011,VIRTANEN-2016,2026-08-24,YES,PASS,PASS,PASS,PASS,PASS,PASS,https://doi.org/10.1016/j.asr.2015.09.024,"Primary paper/proceedings abstract documents an automated pipeline tested on semisynthetic ground/space imagery, an adjacent-domain bound."
SC-012,PONTINEN-2020,2026-08-24,YES,PASS,PASS,PASS,PASS,PASS,PASS,https://arxiv.org/abs/2011.05297,Primary arXiv abstract explicitly evaluates StreakDet on simulated Euclid imagery; it is not observed/current survey performance.
SC-013,WASZCZAK-2017,2026-08-24,YES,PASS,PASS,PASS,PASS,PASS,PASS,https://doi.org/10.1088/1538-3873/129/973/034402,Primary PTF paper describes a bounded real-time visually-streaked NEA pipeline; cross-product portability is not established.
SC-014,STANESCU-2025,2026-08-24,YES,PASS,PASS,PASS,PASS,PASS,PASS,https://doi.org/10.1051/0004-6361/202553973,Crossref publisher metadata gives the exact title and December 2025 issue; abstract supports GPU synthetic tracking in bounded archival/software experiments.
SC-015,KRUK-2022,2026-08-24,YES,PASS,PASS,PASS,PASS,PASS,PASS,https://arxiv.org/abs/2202.00246,"Primary arXiv record reports 1,701 HST trails; the bounded precision/recall operating point does not confirm unidentified trails as discoveries."
SC-016,GARCIA-MARTIN-2025,2026-08-24,YES,PASS,PASS,PASS,PASS,PASS,PASS,https://doi.org/10.1051/0004-6361/202452756,"Primary paper table separates synthetic precision 0.82 from real precision 0.44, directly supporting a domain-shift warning."
SC-017,GWYN-2012,2026-08-24,YES,PASS,PASS,PASS,PASS,PASS,PASS,https://arxiv.org/abs/1204.4182,"Primary SSOS abstract documents targeted object/ephemeris archive search over 6.5 million images, not blind discovery."
SC-018,BERTHIER-2006,2026-08-24,YES,PASS,PASS,PASS,PASS,PASS,PASS,https://ssp.imcce.fr/webservices/skybot/,Official SkyBoT documentation supports field/epoch identification and ephemerides of known objects and warns about orbit-position uncertainty.
SC-019,2MASS-AST,2026-08-24,YES,PASS,PASS,PASS,PASS,PASS,PASS,https://www.ipac.caltech.edu/2mass/releases/spr99/doc/sec3_3h.html,Official 2MASS documentation supports time/footprint gating and a two-dimensional statistic using combined covariance; associations are not discoveries.
SC-020,RODRIGUEZ-FERNANDEZ-2019,2026-08-24,YES,PASS,PASS,PASS,PASS,PASS,PASS,https://conference.sdo.esoc.esa.int/proceedings/neosst1/paper/429,"ESA primary proceedings abstract supports attributable compression, physical prefilters, and Bayesian multiple-hypothesis association for GEO/MEO targets."
SC-021,CALDAS-2024,2026-08-24,YES,PASS,PASS,PASS,PASS,PASS,PASS,https://doi.org/10.1016/j.actaastro.2024.03.072,"The Caldas survey is explicitly framed around RSOs, debris/satellites, orbit prediction, and atmospheric-density modeling; no short-arc NEO transfer is shown."
SC-022,KUBICA-2007,2026-08-24,YES,PASS,PASS,PASS,PASS,PASS,PASS,https://arxiv.org/abs/astro-ph/0703475,Primary arXiv abstract reports near-100% simulated linkage under stated assumptions and exposes severe accuracy stress at realistic false density.
SC-023,CARPINO-2003,2026-08-24,YES,PASS,PASS,PASS,PASS,PASS,PASS,https://doi.org/10.1016/S0019-1035(03)00051-4,"Primary Icarus abstract supports empirical astrometric weighting, correlation modeling, and automatic outlier treatment."
SC-024,MOEYENS-2021,2026-08-24,YES,PASS,PASS,PASS,PASS,PASS,PASS,https://doi.org/10.3847/1538-3881/ac042b,"Primary THOR article supports test-orbit transforms, Hough clustering, OD filtering, and bounded ZTF performance outside 1.7 au."
SC-025,HOLMAN-2018,2026-08-24,YES,PASS,PASS,PASS,PASS,PASS,PASS,https://arxiv.org/abs/1805.02638,"Primary arXiv abstract supports heliocentric clustering, O(N log N), and approximately 41,000 ITF-linked objects."
SC-026,FASBENDER-2021,2026-08-24,YES,PASS,PASS,PASS,PASS,PASS,PASS,https://baas.aas.org/pub/2021n1i405p06,"Primary BAAS abstract reports 96% below 200 arcsec/hr and over 500,000 NSC DR1 tracklets; it is abstract-level and not ML-linking evidence."
SC-027,MUINONEN-2001,2026-08-24,YES,PASS,PASS,PASS,PASS,PASS,PASS,https://doi.org/10.1006/icar.2001.6592,Primary Icarus abstract describes Bayesian Monte Carlo statistical ranging for poorly observed single-apparition asteroids with two or more observations.
SC-028,FARNOCCHIA-2015,2026-08-24,YES,PASS,PASS,PASS,PASS,PASS,PASS,https://arxiv.org/abs/1504.00025,Primary paper describes hours-or-less arcs and systematic rastering in topocentric range/range-rate; this does not authorize impact claims.
SC-029,RODRIGUEZ-2024,2026-08-24,YES,PASS,PASS,PASS,PASS,PASS,PASS,https://arxiv.org/abs/2401.01202,"Primary arXiv abstract supports Keplerian-integral pairing, graph edges/3-cycles, least squares, and attribution."
SC-030,VADUVESCU-2009,2026-08-24,YES,PASS,PASS,PASS,PASS,PASS,PASS,https://arxiv.org/abs/0906.5030,"Primary arXiv abstract describes known-object archive-log searches classified as precovery/recovery, not blind discovery."
SC-031,MILANI-2004,2026-08-24,YES,PASS,PASS,PASS,PASS,PASS,PASS,https://doi.org/10.1007/s10569-004-6593-5,Primary metadata and paper lineage define attributable-based physically constrained admissible regions for very short arcs.
SC-032,SAIFOLLAHI-2023,2026-08-24,YES,PASS,PASS,PASS,PASS,PASS,PASS,https://arxiv.org/abs/2303.03164,"Primary arXiv abstract separately reports predicted detectability, achieved recovery, and astrometric quality in VST archive mining."
SC-033,DENNEAU-2013,2026-08-24,YES,PASS,PASS,PASS,PASS,PASS,PASS,https://arxiv.org/abs/1302.7281,The exact MOPS paper title and 2013 metadata match; the paper's orbit-determination section supports initial and differential correction within MOPS only.
SC-034,GRANVIK-2009,2026-08-24,YES,PASS,PASS,PASS,PASS,PASS,PASS,https://doi.org/10.1111/j.1945-5100.2009.tb01994.x,Primary OpenOrb paper/software record confirms open-source asteroid orbit computation including statistical ranging.
SC-035,CALDAS-2024,2026-08-24,YES,PASS,PASS,PASS,PASS,PASS,PASS,https://doi.org/10.1016/j.actaastro.2024.03.072,"Crossref/Elsevier and the open primary manuscript confirm the exact 2024 title and RSO/artificial-satellite scope; they support a transfer warning only, not a global absence claim."
